Medicine,Stock,Expiry_Date,Reorder_Level
Betapen990,41,2028-01-02,76
Betahen687,461,2027-07-01,31
Alphaxen523,173,2027-09-22,26
Alphaolol139,370,2027-08-15,54
Fluorovin869,441,2027-07-24,78
Metaken101,437,2027-08-22,38
Bromodipine645,469,2026-05-15,30
Profen378,257,2026-10-08,27
Betamine896,297,2027-01-12,76
Alphafen898,466,2027-07-23,84
Fluorocin781,349,2027-07-20,82
Neopen405,337,2026-04-25,58
Hydroson735,50,2026-06-30,48
Paradipine816,310,2027-07-11,70
Hydromen179,444,2027-04-03,81
Parazen743,217,2026-07-13,83
Neoline416,14,2026-05-02,43
Chlorovin776,360,2027-11-06,100
Metason587,380,2027-10-06,74
Hydrotine540,205,2027-02-15,20
Neozen130,394,2026-04-27,84
Betamide474,415,2027-11-22,25
Bromomine572,172,2027-04-19,56
Fluorowen232,225,2026-09-02,39
Neozen779,279,2027-12-25,46
Paralen328,33,2027-12-05,79
Antiken999,222,2027-04-06,32
Bromoline329,203,2027-09-11,82
Iodoolol169,403,2026-09-02,32
Prohen138,320,2028-02-25,80
Antisen908,93,2027-06-30,61
Chlorolen234,286,2026-08-01,41
Promen632,429,2027-04-11,43
Betamine669,409,2027-12-29,71
Metazide179,273,2027-07-28,32
Antimycin406,464,2026-11-18,33
Antiren600,430,2027-05-31,45
Iodozin334,349,2026-10-24,93
Prozide129,381,2026-08-21,27
Proyen196,314,2027-11-05,73
Iodofen489,89,2026-08-21,73
Metaken778,434,2027-10-13,60
Iodocon671,220,2027-10-21,91
Fluorocon336,285,2027-06-21,46
Betaren299,203,2026-07-13,91
Antirin804,319,2026-12-02,52
Chloroxen525,359,2026-08-04,73
Metadipine302,430,2027-01-01,59
Metafen282,425,2026-06-13,38
Fluoronen178,489,2027-10-21,57
Fluoroolol584,432,2027-11-13,84
Alphanen828,162,2026-07-02,41
Chlorodipine106,401,2027-06-24,26
Fluoromide581,449,2027-06-03,66
Neoken100,383,2026-08-30,58
Paracin877,45,2027-01-14,96
Metazin672,199,2027-08-07,50
Alphason498,206,2027-08-13,52
Paraline792,101,2027-06-22,47
Iodopen652,70,2027-07-26,40
Betamine845,461,2026-08-23,73
Metapril234,336,2027-03-25,43
Iodocin326,19,2026-12-09,100
Neostat892,48,2027-03-31,51
Bromoyen170,237,2027-05-17,50
Bromoxen356,278,2026-09-08,34
Chloronen323,187,2027-02-03,91
Antitine805,431,2026-10-08,77
Antinen214,205,2026-09-04,85
Antiken892,77,2027-07-02,33
Alphason402,35,2027-10-18,38
Antipine674,186,2027-10-23,45
Prodone783,192,2026-12-15,99
Fluorodipine910,389,2026-12-09,55
Metapine798,302,2026-04-24,52
Alphazin559,368,2027-07-26,65
Bromoson205,321,2026-08-17,80
Iodorin859,272,2026-06-28,39
Paradone701,30,2026-04-19,26
Betayen918,464,2027-04-28,91
Bromowen484,414,2026-08-12,36
Metasen791,202,2027-12-03,70
Parahen627,264,2027-01-25,57
Fluorotine301,274,2027-01-02,65
Iodotine720,344,2026-11-06,26
Alphazide126,306,2028-02-13,39
Hydrotine942,437,2028-01-20,62
Hydronen304,485,2027-02-06,31
Iodocin253,316,2026-12-07,83
Paracillin409,278,2026-05-11,81
Chloroson216,231,2026-10-22,83
Proken425,365,2026-11-01,27
Betacin292,22,2027-06-02,34
Hydroyen225,244,2027-10-03,77
Chloroken403,456,2027-03-02,49
Antilen783,430,2026-07-20,96
Provin602,257,2026-08-27,95
Bromoline742,40,2026-06-20,30
Neoson812,375,2026-05-06,70
Chlorotin166,190,2027-11-18,45
Bromozide316,154,2027-05-23,62
Neozin552,350,2027-03-20,59
Paralen695,180,2026-10-21,87
Proolol334,311,2027-07-02,25
Metapen694,229,2026-10-31,57
Chlorolen297,435,2027-01-07,86
Antison889,276,2027-08-02,98
Bromoxin579,379,2026-12-28,31
Bromoxin352,214,2028-02-23,49
Iodomide893,242,2027-10-07,67
Bromozide623,452,2027-08-11,67
Fluorotin226,323,2027-10-20,48
Paraolol728,152,2027-12-21,98
Parapril407,429,2026-11-10,65
Alphatin960,477,2027-08-06,62
Neopen986,303,2026-11-17,77
Bromoxen525,14,2026-09-23,63
Iodorin267,27,2027-11-30,67
Hydrozide901,378,2027-04-12,78
Alphayen900,11,2027-06-27,68
Iodoken517,445,2028-02-11,24
Prozin757,190,2026-10-19,94
Antiton128,453,2027-01-22,64
Neoton423,407,2026-10-18,68
Bromowen906,432,2026-07-04,41
Bromoline156,269,2027-12-04,95
Neoxen284,293,2027-01-16,85
Parapen344,27,2027-09-09,27
Bromonen503,431,2027-06-11,62
Alphacillin831,206,2026-12-02,61
Antitin719,395,2026-11-01,93
Proten801,479,2026-12-30,58
Chlorogen474,164,2026-08-08,83
Bromoren396,111,2027-06-28,26
Proxen140,81,2027-02-20,32
Alphagen332,229,2027-05-01,81
Proken666,138,2026-09-21,95
Iodorin187,496,2028-01-01,22
Betapen390,277,2027-09-27,37
Alphavir464,334,2027-05-25,23
Chlorogen425,82,2027-01-24,74
Neoven501,435,2028-01-14,34
Antizen145,316,2026-09-21,80
Fluoromide209,238,2026-11-13,36
Procillin262,152,2027-08-08,63
Procon949,174,2026-05-19,74
Paravir401,156,2027-01-10,92
Hydroton846,123,2028-03-03,78
Fluorosartan222,314,2026-05-17,99
Chlorodipine700,62,2027-08-19,21
Fluoropine113,299,2026-08-07,23
Neoren484,149,2027-04-05,60
Neocon541,49,2027-08-28,74
Hydromycin316,433,2027-02-01,61
Paracon519,145,2026-12-11,48
Metapril929,232,2026-11-25,53
Hydroyen535,362,2027-04-15,76
Betapril809,282,2028-02-03,81
Betaxin929,271,2027-08-11,62
Antifen609,75,2027-01-20,51
Hydrosen104,254,2026-08-28,96
Hydrosartan661,359,2026-12-15,52
Prorin840,431,2028-01-09,31
Hydroyen857,388,2026-06-08,45
Hydrocon989,69,2027-01-14,100
Betacon309,409,2026-11-18,79
Parazin948,278,2027-02-15,72
Antivin879,84,2027-06-03,50
Alphayen268,133,2027-02-08,37
Hydroken344,33,2027-01-05,64
Prorin246,394,2027-04-13,22
Iodopen142,129,2026-06-18,28
Betaten510,284,2026-05-14,82
Hydrocillin198,381,2027-02-04,61
Betawen588,241,2027-11-21,30
Betamycin652,165,2026-05-23,69
Bromoren846,215,2026-11-17,20
Antixen632,156,2026-07-18,79
Alphacon610,276,2027-08-27,96
Metacillin584,304,2027-07-21,35
Neomine162,14,2027-04-24,96
Antizide303,358,2026-07-07,24
Proton128,481,2027-12-04,24
Bromolen841,433,2026-07-10,53
Iodoolol629,304,2027-02-21,67
Bromoton573,499,2027-07-09,34
Prozen204,258,2027-10-27,53
Hydronen587,387,2027-03-25,52
Antiren862,88,2027-10-21,59
Antipine597,441,2026-06-28,88
Metazen108,387,2027-03-24,74
Hydroolol820,161,2028-01-22,50
Betacon372,135,2027-01-08,81
Prodipine383,397,2026-09-12,50
Bromocin696,484,2026-08-03,62
Metazide966,383,2026-10-17,77
Hydrozide841,405,2027-10-30,74
Chloroken950,405,2028-01-15,100
Alphadipine350,229,2026-10-27,68
Fluoronen773,60,2027-06-13,100
Iodosartan488,72,2027-03-17,41
Betapril801,166,2027-04-03,46
Metazide477,371,2026-08-16,100
Alphavin337,419,2026-04-25,54
Neoson200,445,2028-01-16,26
Paravin359,106,2028-02-12,96
Hydronen558,161,2027-04-24,72
Parazin489,499,2027-05-12,95
Chlorofen523,106,2027-11-20,57
Metaten777,74,2027-10-14,54
Iodotin612,332,2027-12-12,80
Hydroren745,27,2027-04-13,61
Proline754,29,2028-03-06,98
Iodoxin564,349,2026-05-11,84
Fluoronen713,413,2027-06-25,71
Alphaxen515,127,2027-06-29,66
Alphazide610,43,2027-01-21,98
Hydrocin355,355,2027-10-17,96
Bromomine379,431,2026-04-16,80
Chlorovin907,322,2027-06-10,39
Neoson281,416,2027-08-17,48
Chloromide690,309,2028-02-06,60
Iodotine904,383,2026-04-24,79
Hydromycin165,40,2027-09-18,39
Antidone571,177,2027-06-18,90
Neodipine216,79,2027-05-19,51
Bromopine856,442,2027-08-16,78
Bromocillin430,395,2027-12-06,36
Neosen884,255,2027-03-04,77
Iodomycin725,176,2027-09-20,43
Proyen953,131,2028-01-19,92
Chloroton958,390,2028-01-12,73
Metawen831,238,2027-03-09,73
Betamen900,423,2027-08-08,83
Profen487,353,2027-02-16,98
Fluorotin625,471,2027-09-30,30
Alphadone937,57,2026-04-28,61
Hydrolen184,118,2027-10-06,100
Betavin881,199,2027-08-26,58
Chlorocillin908,346,2026-11-22,22
Antiten646,395,2027-10-11,65
Antimine539,267,2028-01-09,27
Neonen122,385,2026-10-06,58
Bromoton473,211,2027-07-16,55
Fluorofen402,394,2028-01-07,62
Betason320,141,2028-01-29,47
Iodoxen240,200,2026-04-13,52
Hydromen587,96,2027-12-09,32
Fluorofen887,138,2028-01-18,57
Fluorotin678,145,2027-04-19,21
Metaxin941,228,2027-09-05,75
Neofen461,243,2027-08-25,85
Alphadipine329,275,2027-12-06,97
Iodotin845,279,2026-11-10,59
Alphacillin291,230,2026-06-10,28
Metaken876,402,2026-05-27,76
Betaline526,487,2027-10-02,46
Antistat396,231,2028-01-03,97
Chlororin770,410,2027-06-12,29
Chlorozen413,379,2027-06-25,33
Alphaton367,40,2026-12-09,40
Fluorovin855,116,2026-07-13,61
Antifen981,467,2028-02-02,34
Antitin970,344,2026-12-13,52
Fluoroxin615,65,2026-12-04,55
Iodofen481,347,2026-05-30,27
Fluoroson838,410,2027-05-01,67
Neogen819,272,2026-08-09,61
Fluoromen619,311,2026-08-07,38
Betayen175,427,2027-03-15,95
Chlorolen760,388,2027-01-06,95
Betason732,380,2027-02-11,89
Hydrodipine390,415,2027-07-02,40
Alphavir603,49,2026-08-29,56
Neozin369,80,2027-04-07,61
Metatine811,440,2028-02-15,84
Paragen825,275,2026-04-26,55
Neosartan673,377,2027-10-28,63
Fluorotine388,146,2027-12-30,50
Metamine712,251,2028-02-15,23
Alphamen935,253,2028-01-11,29
Paratin122,147,2027-11-16,71
Prozide804,110,2027-03-16,86
Neozen845,33,2027-07-03,35
Neopine755,376,2027-12-12,30
Antiken640,73,2027-08-05,86
Chlorodipine451,198,2027-01-26,34
Paraline555,71,2027-08-11,99
Betazen736,354,2026-06-05,45
Chlorolen966,58,2026-05-04,56
Neoven730,60,2027-04-30,56
Metatin854,165,2027-02-13,80
Antimine972,286,2026-06-13,36
Fluorocin258,334,2028-03-07,67
Pararin166,425,2028-03-10,30
Paramycin738,359,2027-08-11,83
Bromocon592,396,2028-01-18,32
Fluorohen437,282,2026-05-10,28
Chloropine261,490,2027-06-10,41
Metaten605,351,2028-02-04,100
Bromotine742,414,2027-09-18,31
Fluorofen511,362,2026-04-13,91
Bromomycin306,156,2027-09-11,23
Paralen632,26,2027-08-27,58
Chloroyen355,366,2027-04-14,22
Neomine634,55,2027-10-05,91
Antiyen651,122,2026-07-18,91
Antiken861,221,2027-11-24,93
Betazide591,255,2027-01-06,52
Paranen877,338,2027-01-08,53
Fluorozen367,152,2026-07-03,38
Hydroton533,393,2027-12-18,71
Bromovin181,409,2027-06-29,33
Antiten503,106,2027-02-26,74
Propine116,446,2026-07-06,71
Neoxin570,60,2027-09-22,31
Hydromycin318,128,2027-03-14,78
Antipine111,420,2028-01-14,74
Chlorozin667,55,2027-02-22,46
Betalen616,160,2026-08-16,89
Fluoroken500,361,2028-03-11,27
Betaton229,114,2027-04-10,75
Alphasen243,87,2027-03-13,68
Hydrozide273,102,2027-09-14,40
Antiton356,172,2028-02-13,50
Hydrocon232,415,2026-12-05,41
Iodoven225,27,2027-12-08,83
Hydroolol717,239,2027-03-29,75
Fluorostat470,96,2027-07-06,42
Bromomycin688,293,2027-06-18,43
Alphatine107,266,2027-06-22,61
Fluorovir486,281,2028-02-19,98
Bromoten709,486,2026-12-12,90
Iodomine587,243,2026-07-17,48
Neocon601,391,2026-05-22,85
Fluorovir835,387,2027-08-01,77
Parahen382,473,2028-01-03,54
Metaren554,484,2027-06-27,55
Promide163,126,2028-02-11,33
Betalen666,91,2027-03-01,23
Iodoton572,124,2028-02-02,37
Propen268,330,2028-03-07,56
Alphapril613,136,2028-03-01,98
Alphazin971,262,2027-06-03,99
Parapen212,406,2026-06-26,35
Paratine673,99,2027-12-22,34
Paraline928,362,2027-12-06,75
Iodoolol753,232,2027-12-26,62
Metamine639,398,2026-08-29,85
Prosartan624,296,2026-06-10,92
Hydrotin814,449,2026-12-08,90
Iodopril319,327,2027-07-14,71
Neopen359,142,2026-10-14,23
Proten479,352,2028-03-02,72
Neorin321,110,2027-03-12,87
Metasartan442,263,2026-07-05,86
Proxin316,116,2027-10-14,73
Iodofen919,459,2026-11-25,48
Anticin362,224,2026-06-08,22
Neoken566,321,2026-05-29,64
Paratin829,164,2027-08-11,88
Chlororin814,370,2027-04-03,54
Hydroren662,370,2028-01-03,34
Antipril750,74,2026-07-17,43
Neoren158,384,2026-07-18,41
Hydroken509,82,2026-08-19,33
Neorin551,347,2027-05-30,68
Neosen283,149,2027-06-08,55
Betaline254,187,2026-07-22,68
Betaline692,240,2026-06-25,45
Neosen960,355,2026-12-23,76
Bromoven930,260,2027-03-05,81
Prozide921,186,2026-04-27,54
Propen881,480,2028-02-24,85
Metaken816,82,2027-04-15,86
Betavin134,12,2026-11-05,47
Neorin678,433,2026-08-27,59
Iodomine417,479,2027-06-14,82
Paraline500,224,2027-12-08,62
Provin200,432,2026-10-31,20
Betaxen815,488,2027-10-11,86
Fluorozin225,370,2027-12-06,64
Alphanen906,191,2027-12-11,21
Bromocon514,291,2027-09-05,82
Antiwen636,361,2026-11-11,98
Betaren937,65,2026-07-11,75
Iodowen608,456,2028-01-29,42
Antiten142,46,2026-11-24,24
Iodoline121,13,2026-05-21,47
Chlorocon692,485,2027-07-07,52
Chlorocin445,324,2027-11-18,86
Bromorin514,196,2028-02-22,77
Prozide506,419,2027-02-28,54
Proyen114,374,2027-02-11,46
Bromoven826,189,2027-04-23,97
Chloroolol416,140,2027-10-20,64
Hydrostat141,66,2026-10-12,38
Bromozin541,128,2026-07-30,64
Betaten638,439,2027-11-04,63
Metavir924,97,2027-10-25,44
Neonen511,257,2027-07-19,75
Metacin235,140,2027-02-11,50
Propine629,389,2027-04-07,90
Paradipine958,492,2026-06-13,74
Alphaline988,140,2027-01-24,64
Hydroken481,260,2027-10-08,97
Proxen478,13,2027-09-16,42
Alphastat137,428,2026-09-06,82
Antistat227,224,2026-06-28,42
Neogen718,328,2027-11-21,93
Parapen904,325,2027-04-11,46
Paracillin696,205,2027-12-29,37
Bromocillin214,161,2026-11-03,44
Iodoxin285,455,2027-05-15,81
Alphaton960,359,2027-12-07,49
Hydrocon511,229,2027-11-22,31
Alphaolol312,392,2027-06-18,95
Metatin760,172,2027-04-11,33
Iodogen153,468,2026-04-19,47
Bromoxin446,239,2027-11-30,87
Betaxen521,304,2027-04-14,59
Chlorozin284,394,2027-05-09,74
Paracon583,281,2026-09-15,97
Hydrogen683,171,2027-03-30,79
Iodomide746,193,2028-02-28,37
Bromoxin919,299,2027-05-15,49
Antipril349,365,2026-09-25,47
Iodomen323,485,2027-11-07,86
Chlorocillin529,218,2027-09-23,38
Neovir882,94,2028-02-07,54
Iodovir260,395,2027-06-24,24
Antizin543,485,2028-01-17,71
Metaren364,384,2026-10-12,77
Metaxen127,397,2027-10-11,45
Hydroyen737,348,2027-06-21,96
Neowen217,50,2026-12-20,99
Betagen543,94,2027-08-18,52
Paratine409,259,2026-06-29,82
Chloroten395,331,2027-10-01,94
Neocillin999,419,2026-12-10,64
Iodoton191,435,2027-01-06,61
Iodomen783,67,2027-08-31,51
Iodofen513,180,2026-12-19,34
Antipril269,246,2027-01-05,26
Chlorozin828,148,2026-06-07,20
Alphaven703,346,2027-02-22,49
Alphaline725,484,2026-07-06,38
Betatin450,96,2027-03-13,77
Hydroten319,360,2026-12-02,94
Chloropine490,202,2026-12-06,22
Hydrocon519,346,2026-11-15,84
Hydroten917,172,2027-12-20,43
Protine129,18,2026-04-20,81
Neotin981,477,2027-10-05,63
Chloroolol357,302,2026-08-18,48
Hydrotine837,381,2027-03-26,89
Bromotine949,184,2026-11-02,92
Metamide288,215,2026-08-04,64
Alphadone245,37,2026-09-18,39
Betaven355,141,2028-01-19,100
Paraolol534,376,2026-10-07,59
Prolen278,42,2026-10-06,47
Fluorosartan749,145,2027-09-09,28
Antiolol197,150,2028-03-09,89
Iodovir668,316,2027-03-22,79
Iodopril722,188,2028-01-01,87
Betamine448,451,2026-12-07,91
Antinen356,166,2027-01-24,46
Neovir693,282,2027-08-23,74
Paraton942,256,2027-08-26,79
Fluoroton741,484,2027-08-03,24
Chlorohen986,472,2027-01-12,98
Chloromycin993,144,2027-12-12,25
Parason230,81,2026-04-17,27
Alphaken945,415,2027-03-26,23
Metayen439,441,2027-10-09,25
Iodozide385,98,2026-10-06,84
Neoken183,474,2026-05-03,41
Chlororin249,437,2026-08-25,33
Paragen921,366,2028-01-22,82
Hydrolen209,49,2027-01-11,68
Proven520,150,2027-05-02,83
Chlorozen666,418,2026-07-20,41
Bromotine180,378,2027-01-11,96
Bromopril249,194,2027-08-20,77
Proson125,118,2027-02-13,50
Metavin692,119,2027-07-07,85
Betacon419,72,2028-02-24,27
Proven887,275,2027-01-02,39
Betaxin108,79,2027-08-11,75
Parahen636,185,2026-11-15,50
Betazide243,454,2027-05-05,68
Chloroken220,281,2027-02-17,81
Parafen971,442,2027-05-16,20
Metavir357,426,2026-12-04,66
Iodonen338,355,2028-01-15,75
Anticon121,190,2027-07-20,37
Neoolol125,390,2027-02-04,74
Bromocin941,62,2027-09-16,39
Alphasartan989,453,2027-01-19,90
Protin767,331,2027-12-14,29
Metacillin804,74,2026-12-21,65
Antiken807,91,2027-01-28,88
Metaten665,331,2026-09-20,34
Provir750,371,2027-04-02,33
Iodoxin363,401,2026-08-19,91
Chloroolol352,340,2027-07-11,25
Hydromide365,171,2026-06-19,68
Bromoxen572,275,2026-11-20,35
Antivin820,374,2026-06-15,75
Alphacin699,162,2027-01-15,30
Chloroson503,441,2026-06-30,62
Alphasen603,429,2027-07-03,28
Metaline239,114,2027-11-23,38
Pararen887,221,2026-08-23,44
Proten964,234,2027-10-25,53
Iodozen766,198,2026-05-18,85
Hydrosartan529,115,2026-05-31,22
Chloropine441,193,2027-09-03,60
Iodohen450,140,2027-11-22,78
Neostat427,486,2026-06-25,27
Metavir624,366,2026-07-28,99
Fluoroline110,401,2026-05-13,38
Neomide263,452,2027-01-08,62
Propine483,500,2026-11-20,74
Fluorotine358,497,2026-10-24,91
Alphazin605,425,2026-09-01,97
Iodoolol441,189,2027-04-15,46
Antiolol690,376,2028-01-09,48
Betagen421,451,2028-01-02,44
Chlorodipine788,387,2027-07-15,50
Iodohen273,293,2027-10-12,22
Alphapril605,242,2027-07-20,32
Bromoolol173,318,2028-01-16,36
Neoson645,22,2026-12-11,53
Metadone834,286,2027-09-16,28
Hydrotine481,258,2027-04-06,43
Chlorocon241,312,2027-01-10,79
Iodomycin364,278,2026-11-14,33
Bromozen459,111,2027-01-14,66
Bromotin725,318,2028-01-13,45
Hydrogen185,271,2026-07-10,37
Alphapril712,315,2027-04-26,33
Proton663,19,2028-01-10,31
Propril756,359,2027-12-25,44
Chloroxen722,395,2027-05-28,38
Iodomide324,398,2027-07-11,90
Neocon808,465,2027-03-31,78
Parafen144,379,2027-08-02,36
Pararin473,269,2027-05-15,88
Hydroxen629,280,2027-06-15,90
Neozide728,368,2026-11-02,60
Iodolen981,433,2027-12-14,59
Fluoroline667,58,2026-08-22,31
Paraxin719,71,2027-12-16,30
Fluorotine947,143,2027-12-23,60
Hydroson823,63,2027-04-20,81
Bromofen184,145,2026-04-18,93
Betamen180,420,2027-12-09,47
Betawen251,453,2026-09-06,72
Iodomycin887,50,2026-10-04,92
Iodomen249,417,2027-02-24,95
Hydrowen537,186,2026-05-19,36
Betacin948,35,2027-01-18,92
Fluorocon559,233,2026-07-16,74
Neoken492,376,2027-12-04,60
Iodomen525,102,2026-06-09,71
Prosen488,91,2028-03-09,84
Neogen776,18,2026-06-20,31
Metaton148,234,2026-10-31,34
Alphapine845,279,2026-04-12,54
Fluororen641,457,2027-12-17,80
Paraline483,295,2027-05-13,31
Bromomycin959,38,2027-07-12,98
Chloropril896,239,2026-06-13,82
Chlorogen434,218,2027-03-27,92
Iodopen159,434,2026-07-16,91
Iodowen668,18,2027-08-25,31
Fluorocillin624,291,2027-01-05,39
Bromolen458,280,2026-12-23,87
Iodocin457,299,2027-03-06,38
Antiken109,61,2027-04-21,52
Anticillin650,298,2027-03-06,22
Metadone851,479,2027-02-12,89
Iodovir486,309,2026-10-25,93
Metayen981,190,2027-06-27,58
Fluorovin182,44,2026-08-14,87
Metamide456,224,2026-09-28,89
Fluorostat689,56,2027-02-04,73
Chlorofen552,120,2027-06-22,37
Fluororin860,30,2026-07-06,63
Alphason733,301,2027-12-26,58
Alphavin300,335,2027-08-11,97
Metazen496,181,2027-09-07,80
Betaten472,191,2027-08-30,45
Iodopine119,304,2026-11-20,87
Alphasen717,71,2028-01-14,64
Prorin439,413,2027-02-03,92
Chlorofen875,337,2027-11-05,68
Hydroren825,276,2026-08-29,73
Metamycin115,88,2027-05-16,79
Bromolen510,327,2027-12-16,52
Alphazen428,342,2027-06-28,80
Antiolol688,390,2028-02-16,34
Chlororin364,463,2027-10-10,72
Hydrovin232,222,2026-12-25,24
Promide329,267,2027-03-07,56
Alphaxen855,115,2027-03-29,41
Metaten731,25,2028-02-21,85
Propen258,196,2027-02-05,79
Fluoromide441,313,2026-08-03,47
Prodipine661,391,2027-01-01,73
Neotine751,430,2026-09-17,77
Profen507,70,2027-11-20,51
Alphaolol119,307,2026-07-09,47
Antidipine633,161,2027-06-18,30
Parazen449,310,2026-10-20,67
Metaven799,188,2027-04-07,97
Antipen928,143,2027-04-23,34
Betadone650,168,2026-06-01,42
Antizide472,352,2027-11-19,62
Neomine542,108,2027-09-06,33
Neoyen139,279,2027-12-05,94
Bromoyen156,139,2026-07-14,67
Iodocillin271,175,2026-12-04,100
Antistat670,25,2028-02-02,79
Fluorocon866,180,2027-06-10,96
Chloroton210,180,2026-11-05,23
Prozen544,213,2026-05-16,79
Chloromine693,359,2027-08-01,77
Bromoxin587,277,2027-08-02,90
Parazin603,473,2026-11-06,22
Fluoromycin544,78,2026-05-29,65
Bromoven802,499,2028-01-04,76
Alphanen234,449,2026-04-13,28
Iodofen134,478,2027-10-03,34
Betapril568,264,2027-01-24,90
Fluoropril906,482,2027-02-06,78
Protine309,484,2026-12-15,61
Neosartan854,313,2026-07-12,87
Metadone277,214,2026-12-18,93
Chlorozen233,325,2027-10-10,85
Chloropen722,425,2027-05-15,38
Propine329,450,2027-03-09,32
Fluoroxen137,30,2026-08-06,66
Iododone371,294,2027-12-23,53
Hydrosartan492,476,2026-05-07,39
Neovin722,170,2026-08-12,38
Pronen883,46,2026-09-16,70
Betason300,174,2027-04-21,85
Parawen768,441,2026-10-14,22
Alphaton390,107,2027-06-07,21
Metacin541,394,2026-04-15,95
Betaten337,308,2026-04-16,67
Betalen621,250,2027-05-30,64
Neoten614,296,2026-05-31,68
Fluorogen443,467,2027-02-08,54
Iodomine172,255,2026-10-16,40
Procillin640,467,2027-05-25,63
Betacillin368,209,2027-07-18,95
Metavin296,349,2027-11-09,29
Metanen731,48,2027-02-23,77
Bromotine121,483,2026-09-14,35
Betaxen297,488,2026-12-26,26
Chlorodone161,72,2027-08-08,37
Bromoxen526,324,2026-11-22,78
Paraline992,427,2027-04-16,45
Antizide311,10,2026-08-22,54
Protine270,66,2027-08-07,71
Iodotine739,192,2027-08-04,70
Prohen818,239,2026-06-22,25
Chlorotin379,130,2027-07-03,22
Hydroken140,402,2026-08-23,26
Chloroven569,471,2027-08-25,98
Chloropen426,201,2026-09-30,69
Paracin832,397,2027-07-18,95
Antidipine789,417,2027-10-14,33
Chloroven680,482,2027-03-19,47
Fluoromycin300,234,2027-03-04,58
Hydropine353,357,2026-08-26,66
Hydronen939,65,2027-01-20,45
Alphaten507,127,2026-04-21,22
Hydrovin322,210,2026-04-22,76
Hydroxin751,119,2028-02-26,40
Chlorovin434,228,2028-01-15,32
Metaken554,122,2028-01-06,63
Betazide861,463,2027-07-27,99
Iodocin763,367,2028-03-10,34
Fluorowen929,136,2026-08-26,27
Hydrozide915,375,2026-12-13,88
Iodowen564,427,2027-07-18,53
Neopril228,120,2027-09-23,36
Metavin983,348,2027-10-26,64
Neoline867,262,2026-06-21,75
Neonen880,52,2026-09-28,60
Neozide564,188,2027-07-24,81
Iodostat848,365,2026-07-05,94
Alphavin357,119,2026-08-11,89
Metagen253,113,2027-08-30,52
Hydrocin820,253,2027-09-01,55
Chlorodone515,322,2026-11-25,74
Metarin711,198,2027-07-18,42
Chlorozen398,271,2026-08-22,53
Bromoken623,245,2026-06-04,45
Paratin311,217,2026-06-09,28
Antistat229,166,2026-04-27,29
Iodoline629,167,2027-09-16,34
Alpharin113,103,2027-11-20,49
Metaven277,355,2027-11-21,70
Alphawen829,103,2027-11-28,50
Neopine674,426,2026-09-08,86
Paradone699,112,2027-03-23,42
Paradone193,198,2026-05-09,33
Procin679,476,2027-07-15,23
Chloropine157,23,2027-04-12,49
Iododipine218,421,2027-04-28,60
Neopen340,198,2027-05-01,76
Bromonen624,159,2026-06-29,62
Hydroolol392,256,2027-07-10,53
Hydropril383,141,2026-11-13,27
Betazen958,171,2026-10-06,91
Neopril386,199,2026-08-06,44
Iodonen971,380,2027-08-14,67
Alphacon506,348,2028-02-16,65
Alphazin534,463,2027-08-22,89
Iodowen904,393,2027-06-09,68
Antizin311,397,2026-07-03,75
Betaren315,220,2026-05-19,56
Parazide560,161,2026-11-01,45
Chloroven651,473,2026-08-24,23
Proven344,114,2026-08-02,33
Alphaven821,329,2027-01-23,80
Metadone715,117,2027-10-29,44
Proson228,430,2026-12-27,25
Procillin625,488,2027-07-20,62
Fluoromycin341,331,2027-04-21,76
Betasen924,327,2028-01-17,49
Procillin970,439,2027-07-29,100
Provir280,183,2027-08-25,93
Iodotine669,311,2027-06-29,80
Fluoroxin546,88,2027-10-31,59
Chloroolol354,305,2026-08-18,74
Hydrostat479,21,2027-03-02,60
Betaven173,437,2027-11-27,48
Metamycin708,51,2026-09-13,44
Alphaton173,63,2028-02-08,80
Iodomycin170,462,2026-08-28,47
Bromoxen769,453,2028-01-22,82
Paratin532,98,2026-12-11,49
Antiren451,424,2027-10-22,84
Fluoromen803,84,2026-12-07,48
Fluororin640,341,2027-10-05,29
Neoyen253,81,2027-06-01,70
Bromoren700,492,2027-02-04,67
Fluorogen638,367,2027-05-12,67
Chlorowen954,35,2027-09-23,25
Bromovin348,423,2027-07-02,47
Fluorozen975,337,2027-10-09,49
Antiton613,27,2027-05-17,92
Chloromen181,65,2026-11-24,40
Neocon297,100,2027-04-10,53
Neoton902,212,2027-05-24,82
Bromotin703,363,2026-08-30,65
Paracillin390,41,2028-02-02,78
Paramycin295,170,2027-03-04,32
Metaken412,16,2027-05-15,58
Proken620,148,2027-06-12,34
Chlorocin692,446,2027-02-24,50
Bromomide318,46,2027-01-19,86
Metatin835,87,2026-09-12,100
Alphapril729,193,2026-06-01,53
Chlorowen933,414,2027-06-22,69
Antinen132,240,2027-08-18,20
Antitin511,407,2027-03-14,21
Paraken920,154,2027-09-09,42
Antihen890,80,2027-06-17,96
Iodocillin836,307,2027-01-21,39
Metamen666,198,2027-11-02,67
Procillin961,70,2027-09-24,66
Antistat680,422,2026-04-15,39
Paramen391,362,2026-08-15,20
Metahen828,83,2028-03-02,45
Bromodone314,217,2028-02-06,42
Neonen688,381,2026-08-08,92
Hydroren966,221,2028-02-18,98
Antistat867,294,2027-04-22,80
Alphaxin989,55,2026-11-14,42
Propen601,407,2027-04-09,87
Paracin560,295,2027-01-22,52
Neomen989,344,2027-03-15,91
Chlorohen807,160,2026-09-01,90
Parasartan325,45,2027-10-23,99
Betazin100,430,2026-10-22,77
Neopril585,64,2026-11-01,63
Antixin786,20,2027-01-13,95
Neowen553,73,2027-02-22,98
Betacin698,25,2027-04-25,91
Chloromycin885,232,2027-03-29,33
Hydromen132,144,2027-10-18,93
Iodoson925,104,2026-05-15,79
Iodoxin902,465,2026-09-09,68
Paradone834,115,2027-07-26,89
Parapril890,376,2027-10-21,42
Hydrolen967,397,2028-02-27,49
Fluorostat378,385,2026-07-27,21
Parapril517,453,2028-01-03,68
Fluorowen101,309,2028-02-11,71
Hydrocin779,253,2027-10-08,26
Chlorovin616,138,2027-09-17,53
Betastat754,251,2028-01-25,64
Paradipine993,164,2026-10-10,96
Bromolen865,131,2027-05-18,62
Iodosartan867,313,2027-11-16,74
Provin790,101,2026-08-15,21
Anticin617,405,2027-01-13,54
Paraxin879,394,2027-08-17,49
Parasen427,133,2026-09-02,87
Antihen267,168,2027-03-29,49
Hydroxin281,49,2026-11-12,92
Alphastat471,61,2026-11-02,95
Alphahen317,147,2027-08-28,50
Neomycin752,42,2026-06-07,45
Betaton560,450,2027-12-19,54
Bromocillin691,249,2026-05-13,71
Iodozen937,285,2027-04-13,86
Fluorozide913,219,2027-07-18,96
Antiken577,176,2027-06-27,61
Metazin899,310,2027-09-30,24
Betazide514,106,2027-03-21,83
Bromoline496,290,2026-11-07,74
Iodotine144,320,2028-02-29,91
Bromodone649,21,2026-10-26,94
Iododone462,221,2026-08-13,69
Betacon775,282,2027-08-02,69
Chloromen180,272,2026-09-26,81
Bromofen359,23,2026-12-20,98
Paranen308,141,2027-07-31,82
Antirin908,319,2027-05-30,37
Alphafen502,169,2027-12-23,38
Chloroten288,397,2027-03-03,34
Alphasen424,481,2026-11-24,53
Iodoyen827,88,2027-08-15,43
Betadipine502,455,2027-12-09,92
Iodostat907,70,2028-03-04,84
Proolol124,296,2027-01-03,100
Progen198,40,2028-01-28,93
Alphanen458,146,2027-03-04,84
Fluoroline809,203,2027-09-07,43
Neodipine866,343,2026-04-27,20
Neomine188,233,2026-09-24,28
Bromoken314,237,2027-09-06,33
Betamide640,118,2027-01-04,72
Anticin480,436,2027-07-28,67
Antihen823,455,2027-03-22,100
Paraven526,147,2027-12-26,48
Alphastat672,392,2027-08-16,45
Parahen516,111,2027-01-19,86
Procillin446,347,2026-10-14,26
Bromocin806,166,2027-07-03,70
Betapen718,333,2027-10-04,55
Bromoxin943,286,2026-08-10,77
Betaxen587,59,2026-11-09,87
Chloromide903,408,2026-09-26,29
Propine512,75,2026-08-13,97
Chloroline275,97,2027-07-14,94
Iodocon954,158,2027-02-26,21
Alphaolol136,297,2027-09-01,40
Antiline241,381,2026-07-20,100
Antitine978,274,2026-10-15,33
Alphamen506,377,2026-10-14,34
Bromostat146,353,2026-07-27,79
Paracillin926,342,2028-01-30,52
Hydropen904,444,2027-07-29,100
Bromodone764,476,2027-03-27,71
Metaren889,247,2026-06-15,36
Paracin233,165,2027-06-13,67
Metasen714,107,2027-09-21,72
Antiven193,94,2027-04-24,33
Neocillin176,481,2027-01-18,28
Bromozen941,314,2027-01-04,39
Promide645,449,2027-07-29,100
Iodonen940,209,2027-10-02,83
Antistat217,156,2027-12-11,29
Antison350,372,2026-09-01,72
Neozin719,153,2027-02-18,84
Chlororin612,67,2026-05-28,47
Proyen801,78,2026-11-16,89
Neosen157,232,2028-02-20,59
Betafen443,234,2026-09-08,35
Betamycin784,90,2026-05-12,68
Alphavin564,140,2027-05-19,68
Alphaten343,291,2027-02-01,99
Parasen102,58,2026-12-04,22
Chloromine683,154,2027-11-13,90
Propril533,140,2026-08-14,82
Chloropril570,39,2027-06-10,29
Metazin714,81,2027-04-23,59
Hydrozide442,492,2027-10-14,25
Bromovin887,363,2027-11-01,21
Paramen149,60,2028-02-16,37
Proven969,271,2027-07-18,73
Neomine547,354,2026-12-20,95
Alphamycin772,32,2027-02-11,29
Paranen145,419,2027-04-13,47
Protine820,396,2026-10-17,98
Fluoroxin323,308,2027-06-27,24
Bromohen889,37,2027-12-17,67
Hydrolen979,330,2028-01-16,38
Iodovin493,395,2026-10-22,37
Bromolen964,259,2027-02-05,80
Betaxin864,271,2026-11-15,35
Parazin308,444,2027-12-09,88
Metacon364,296,2027-05-14,100
Iodoline573,421,2026-12-01,100
Fluororen381,466,2026-06-22,34
Paravin163,404,2027-04-18,33
Paratin494,102,2027-09-15,53
Neomide239,253,2026-08-26,76
Fluorotine334,174,2027-06-02,89
Promycin427,318,2026-06-10,39
Hydrofen571,225,2026-07-24,71
Parawen542,43,2027-08-15,87
Bromocon697,334,2026-10-06,92
Antimine840,213,2026-06-21,59
Betaxin881,423,2027-02-16,86
Chloroten751,369,2026-10-31,75
Hydromine545,70,2027-10-23,62
Betafen428,392,2027-09-13,67
Fluororin866,112,2026-05-14,39
Iodostat613,487,2027-09-06,34
Chloroken355,41,2027-02-23,74
Metaxen703,193,2026-08-09,91
Bromoren547,312,2027-04-24,39
Hydroten923,167,2027-09-09,66
Paramine751,276,2027-07-07,40
Chloroton562,170,2027-10-30,92
Chloronen470,472,2026-12-11,38
Fluoroven339,483,2027-02-04,36
Chlororin812,149,2027-08-08,48
Profen490,298,2026-08-10,64
Antisartan530,370,2027-09-12,46
Chlorozin461,170,2026-10-24,32
Antinen170,39,2028-02-12,67
Anticon511,93,2028-02-22,38
Hydropen326,68,2026-08-22,77
Alphacon681,53,2026-05-02,25
Betason849,346,2026-11-10,69
Antipen140,245,2027-01-29,61
Paraken759,356,2027-05-24,57
Metahen777,419,2026-11-29,21
Prolen465,105,2027-06-26,68
Bromosartan209,182,2027-08-30,80
Antidone756,388,2027-09-05,41
Chloroton618,133,2026-05-01,32
Iododone141,116,2028-01-17,76
Chlorodone958,55,2026-05-15,43
Hydrozen916,422,2027-07-06,73
Antinen871,268,2027-05-02,59
Neotin532,459,2027-02-01,43
Betarin626,331,2027-12-24,33
Antisen435,430,2027-06-24,34
Chlorosen609,218,2026-11-26,88
Chlorofen407,109,2027-07-25,60
Prosen704,295,2026-08-29,33
Prosartan137,410,2026-10-01,62
Neocillin419,182,2027-09-07,79
Bromomide477,168,2027-07-07,33
Iodoven794,128,2027-09-22,28
Alphastat519,11,2027-10-06,86
Hydrofen443,465,2026-09-30,85
Iodopen388,95,2027-02-07,93
Bromoyen672,363,2027-04-14,86
Paramycin716,197,2027-05-26,84
Parasartan417,392,2027-09-03,78
Iodonen505,69,2027-04-12,28
Alphastat702,283,2027-08-31,99
Betacillin344,208,2028-03-12,30
Antidone502,343,2027-10-19,33
Chlorowen700,376,2028-01-14,98
Alphayen983,336,2026-11-29,88
Fluoroolol422,105,2028-02-22,63
Iodoson217,80,2027-02-10,96
Proxen407,455,2026-11-18,51
Betamide416,50,2026-12-08,42
Bromoton134,204,2027-05-06,50
Betamycin830,384,2026-08-24,74
Antistat263,235,2026-09-30,44
Metafen871,493,2026-09-05,61
Metadone355,382,2026-08-16,49
Metaven607,265,2026-06-07,96
Iodogen819,108,2028-01-02,75
Parasartan416,211,2026-04-28,77
Paracon476,64,2027-07-20,78
Neocon863,159,2027-06-22,45
Bromosartan154,180,2027-11-23,77
Betacin303,155,2027-05-17,77
Bromoolol634,481,2027-02-22,64
Iodolen685,124,2027-07-22,50
Neoten266,162,2026-05-05,50
Neomen881,149,2027-03-05,73
Ultrazol859,150,2027-05-17,38
Aerotab792,389,2029-01-21,21
Ecotin132,25,2026-07-11,37
Zendex716,23,2029-02-23,35
Protin325,239,2029-04-21,45
Novacyn814,226,2027-11-28,45
Aerolex881,182,2026-07-29,21
Neotab467,443,2027-12-06,87
Trizol847,245,2029-01-03,25
Neotab665,160,2029-07-11,89
Biofin296,370,2026-05-23,15
Zenrid181,447,2027-04-22,22
Neorid564,335,2028-01-18,30
Bionex314,353,2027-07-01,99
Ultrafin750,97,2028-12-29,41
Aerorol488,148,2029-08-03,98
Prolex801,176,2026-04-25,39
Novanex510,147,2026-05-16,37
Econex317,345,2028-10-19,60
Maxcyn371,81,2027-05-21,81
Prorid864,309,2028-05-27,84
Neonex324,80,2028-11-09,73
Ultrazol981,66,2026-11-10,90
Aerotin710,42,2028-02-28,58
Ecorol641,138,2029-02-07,11
Ultradex868,146,2029-08-05,53
Ultrarid545,90,2028-07-18,10
Tridex880,101,2028-11-05,23
Tridex723,111,2026-11-10,57
Aerodex897,482,2028-12-22,10
Econex600,19,2026-08-18,56
Trilex159,133,2029-03-07,20
Ultrarol935,45,2028-12-26,26
Aerorol662,94,2027-06-27,77
Ecotin316,485,2029-01-09,98
Zenrid508,353,2029-08-23,57
Maxdex562,71,2027-05-23,38
Ultranex121,311,2029-02-08,39
Ecolex107,46,2029-12-20,90
Novalex169,473,2026-03-06,52
Ultradex343,152,2029-10-02,72
Zendex235,380,2029-03-15,83
Maxlex903,252,2028-04-13,34
Ultratab774,230,2027-12-27,64
Neorol984,383,2026-04-21,96
Ultrazol512,382,2027-11-26,23
Zenlex294,284,2028-07-07,27
Neocyn385,246,2027-05-27,19
Maxdex200,35,2029-08-28,79
Novatab871,444,2027-04-30,31
Neorol592,119,2028-04-01,17
Aerotin102,209,2027-06-28,68
Tritin813,500,2029-02-12,94
Maxcyn294,161,2027-03-22,17
Ecodex162,392,2027-10-05,17
Novafin588,267,2028-12-23,30
Novadex182,445,2027-01-16,18
Ecotab791,451,2027-04-27,61
Ultrafin352,306,2029-05-02,15
Ecotab529,346,2029-04-10,82
Pronex367,114,2029-10-03,50
Zenrid505,77,2029-10-07,92
Trirol423,485,2026-05-29,11
Maxfin676,61,2026-05-31,78
Zendex371,77,2027-12-16,18
Zennex391,90,2028-06-16,79
Trifin926,344,2028-12-19,11
Prorid779,63,2026-10-03,43
Ultratab860,293,2026-11-15,44
Trifin315,377,2027-12-04,36
Tridex600,138,2026-04-15,21
Neorid145,11,2027-11-15,26
Tricyn859,236,2029-02-03,100
Neodex109,67,2026-06-04,98
Aerodex136,437,2028-01-27,84
Procyn540,75,2026-03-27,49
Biozol466,117,2029-10-28,41
Ultranex898,296,2028-04-12,89
Aerolex985,93,2026-12-29,62
Novacyn854,483,2027-11-12,62
Zenrid263,413,2029-12-07,23
Neozol979,250,2027-04-01,35
Maxnex412,430,2027-04-12,38
Novalex508,178,2027-07-25,18
Trinex756,270,2028-03-29,96
Pronex128,69,2027-06-19,32
Ecorid139,65,2029-05-06,65
Bionex546,320,2028-11-13,24
Neofin294,140,2026-04-01,100
Neozol632,483,2029-01-07,97
Zennex541,45,2029-09-22,52
Econex779,444,2026-09-13,48
Prorid782,219,2027-10-31,61
Tridex230,108,2028-05-11,95
Neocyn730,301,2027-09-09,61
Prozol411,156,2027-03-07,65
Ecofin770,174,2028-08-10,66
Maxlex623,252,2026-12-14,94
Ultrarid627,349,2029-07-20,89
Biotab938,497,2027-04-27,96
Trilex925,111,2026-10-29,13
Novalex586,322,2026-05-30,68
Neofin299,377,2029-11-27,59
Maxtin349,85,2029-09-05,98
Novatab897,227,2027-03-25,32
Prorol151,295,2027-05-26,25
Maxcyn920,247,2029-09-29,77
Profin424,496,2028-06-25,88
Protin950,474,2029-01-27,67
Aerorol560,142,2027-05-22,91
Tridex596,330,2027-05-05,45
Maxtab830,156,2027-04-26,44
Bionex653,51,2026-10-11,29
Zentin810,88,2029-12-17,37
Ultratin517,179,2029-01-16,69
Neozol311,436,2028-05-10,59
Ecozol977,460,2029-03-25,58
Maxzol460,162,2028-03-09,63
Prodex919,318,2027-03-28,72
Zenrid546,258,2026-03-01,59
Biotin841,94,2028-08-15,26
Ecodex127,474,2028-03-17,85
Ecozol185,339,2028-05-27,27
Maxcyn151,143,2028-02-16,51
Zenrol434,182,2028-02-16,45
Neorid954,51,2028-08-21,12
Prozol458,124,2029-08-24,18
Novazol353,112,2026-02-11,89
Aerolex229,252,2029-10-03,24
Ecolex576,368,2027-06-09,57
Aerofin721,392,2026-08-23,30
Tritab692,23,2027-10-01,83
Neotin832,111,2026-06-05,85
Zentab813,405,2027-09-10,97
Ecotab915,299,2026-03-26,54
Protin777,199,2026-05-22,74
Biozol969,225,2028-09-30,23
Neonex750,466,2028-07-30,100
Aerotin280,385,2028-12-04,93
Trifin927,480,2029-01-07,71
Maxtin945,384,2029-04-28,44
Biolex950,488,2026-06-27,45
Maxlex868,247,2029-03-13,88
Neonex129,263,2027-10-28,33
Maxlex463,418,2027-06-14,53
Trifin818,460,2027-07-20,81
Novadex295,53,2027-05-10,62
Maxdex876,133,2029-11-15,70
Maxrol911,18,2026-07-10,47
Zentin808,134,2027-09-20,94
Econex584,293,2028-12-23,54
Neodex438,190,2029-12-10,68
Tririd357,128,2026-09-05,34
Biotab860,284,2029-11-14,33
Zenlex856,257,2027-07-21,85
Profin389,61,2027-02-02,47
Zennex283,164,2026-01-29,100
Procyn380,33,2026-04-22,80
Tricyn753,454,2028-10-02,23
Novafin391,250,2028-09-07,66
Biocyn152,139,2028-09-05,24
Ultratin603,47,2029-03-27,90
Novacyn252,425,2029-02-26,48
Ultralex221,295,2028-05-02,87
Ecofin331,407,2028-12-06,58
Maxrol404,450,2029-04-20,64
Trifin735,40,2029-06-02,22
Zenlex370,348,2026-06-16,30
Zencyn665,48,2026-11-17,10
Neorol805,314,2028-08-20,47
Novalex395,371,2027-08-03,99
Maxtab803,129,2027-06-26,90
Ecolex535,68,2029-01-20,38
Aerorid946,82,2026-05-27,17
Aerorid709,393,2029-03-11,46
Maxtab579,362,2027-09-15,99
Neorid612,286,2028-10-08,66
Ultrafin140,465,2028-06-03,51
Ecorid126,56,2027-04-14,96
Ecofin121,401,2029-10-08,44
Ecozol881,397,2026-12-25,70
Prorol384,102,2029-04-13,65
Maxtab581,188,2028-04-16,52
Biotab978,92,2027-11-07,62
Maxrid778,493,2028-03-31,80
Novarol190,171,2027-06-01,51
Ultratin985,273,2026-01-03,94
Prorol523,37,2027-01-20,76
Biofin874,265,2029-07-04,66
Novalex373,291,2026-09-26,46
Maxrol224,24,2029-07-14,87
Zencyn418,292,2026-01-29,80
Neotab330,440,2026-08-21,69
Ultracyn610,487,2027-08-21,75
Tritin954,257,2028-08-25,41
Maxdex248,206,2027-01-26,86
Procyn984,45,2027-07-20,63
Biodex373,430,2026-01-06,46
Trifin693,347,2028-09-29,29
Maxdex595,186,2027-11-12,80
Protin566,487,2027-10-22,34
Zenfin492,129,2028-04-21,15
Biorol822,477,2028-02-20,59
Aerorol137,74,2028-10-25,85
Biotab995,442,2028-06-20,22
Prorol115,379,2026-10-23,62
Aerotab580,410,2027-06-27,53
Ecotin765,51,2027-11-04,96
Protin424,330,2028-09-26,79
Novafin170,130,2029-07-16,97
Trilex864,56,2028-06-07,22
Ultrarol270,365,2027-09-06,13
Novanex915,38,2027-08-24,55
Biotin249,135,2028-12-23,62
Ecocyn274,99,2026-06-11,88
Neofin799,133,2028-10-16,84
Aerolex572,336,2027-06-05,68
Trizol923,248,2027-08-13,96
Procyn175,236,2027-12-09,85
Tritin806,138,2028-07-24,48
Zentin973,257,2026-08-07,40
Neofin467,304,2027-08-29,99
Trizol949,347,2028-03-21,45
Novafin985,361,2026-04-11,87
Maxrid894,419,2027-04-17,87
Biolex751,107,2029-06-25,42
Aerotab742,340,2026-03-22,49
Maxzol693,196,2026-09-27,21
Trinex865,222,2026-12-26,35
Aerodex997,197,2028-12-23,74
Tricyn363,477,2028-09-13,47
Biotab579,48,2026-10-16,38
Neodex474,56,2028-03-19,11
Tridex226,242,2028-01-25,96
Trifin490,431,2029-07-31,57
Ultralex582,22,2029-06-22,81
Biofin326,341,2026-05-10,91
Maxrid764,219,2026-08-27,27
Novazol411,262,2026-08-26,22
Zendex238,208,2028-07-18,57
Protin701,390,2026-11-13,63
Ultrarol730,218,2027-07-27,14
Biolex554,237,2027-04-29,56
Ultranex657,471,2029-08-13,55
Novatin382,107,2026-09-08,68
Ultralex757,337,2029-05-07,12
Novanex349,74,2029-03-02,36
Ultradex312,310,2027-03-19,39
Biocyn907,471,2029-05-05,10
Tricyn233,286,2027-05-29,32
Ultrazol234,17,2028-01-04,40
Econex116,99,2027-06-28,16
Aerotin638,68,2026-05-11,70
Maxnex625,313,2026-08-12,67
Prolex729,32,2029-09-11,76
Trirol758,25,2026-05-05,71
Neotin802,65,2028-10-01,66
Ultratab429,321,2026-10-31,18
Aerorid739,334,2029-04-13,80
Biotin711,281,2027-08-27,68
Profin540,60,2029-12-08,24
Prolex540,241,2027-04-13,62
Biorol508,222,2026-07-14,50
Neonex781,140,2028-02-06,29
Maxtab193,435,2026-06-24,21
Neotab862,388,2028-02-03,26
Prozol700,499,2029-02-24,81
Biotab520,191,2029-09-24,64
Novarid714,169,2027-12-22,23
Ecodex317,89,2029-09-06,71
Zentab458,442,2029-02-13,57
Ultrarid687,125,2028-05-28,81
Ecofin791,339,2029-02-14,13
Ecorid129,102,2027-07-14,99
Trinex459,13,2027-01-07,28
Ecotin171,82,2029-07-20,13
Ultradex320,202,2028-05-09,68
Biocyn478,169,2027-10-27,82
Ecotab153,89,2026-11-19,89
Novatab378,236,2029-09-17,64
Maxfin552,222,2027-07-14,37
Protab453,230,2026-08-16,46
Ecorol639,351,2027-09-24,15
Zentin713,38,2026-01-16,36
Trilex885,80,2027-06-08,47
Biotab107,264,2028-05-31,32
Aerotin645,370,2027-04-17,74
Pronex173,213,2026-03-28,65
Novarol179,451,2027-10-04,83
Neofin514,373,2029-08-04,63
Tritab514,20,2027-10-28,31
Ecorol951,363,2028-01-12,21
Neotab349,233,2029-04-21,61
Protab505,455,2027-09-28,53
Zennex897,96,2026-06-06,75
Ultradex622,109,2027-12-17,54
Aerolex205,84,2027-06-09,35
Aerofin256,399,2029-09-04,19
Aerorol575,396,2029-02-28,84
Maxfin758,335,2029-07-03,51
Biocyn550,44,2028-08-18,66
Tririd705,38,2027-12-22,74
Ultrarid572,241,2026-03-19,17
Biorid178,340,2026-07-04,88
Ecodex493,246,2029-04-03,80
Novarol929,302,2029-08-27,34
Biofin587,266,2026-11-05,17
Maxtab930,470,2027-12-05,20
Procyn140,136,2029-12-20,66
Maxdex635,322,2026-11-22,56
Biorid496,219,2027-11-24,96
Ecozol908,333,2029-08-18,52
Ultranex196,295,2029-10-21,59
Tririd841,446,2029-09-06,87
Aeronex183,308,2029-09-21,28
Biorid771,367,2029-09-18,60
Aerofin825,490,2026-06-23,49
Protin758,415,2027-11-04,26
Protab761,353,2028-05-17,75
Biozol471,168,2027-01-05,37
Biorol296,125,2026-10-09,29
Ultrarid964,413,2026-07-27,74
Prodex138,348,2027-11-21,89
Aerofin485,88,2026-11-29,33
Ecocyn838,234,2026-03-31,62
Ecorid870,393,2028-07-08,39
Prolex416,424,2028-08-18,34
Biofin551,246,2027-08-01,58
Prodex528,92,2027-02-13,87
Aerorid153,338,2028-09-11,57
Protab828,443,2028-11-22,25
Tritab881,92,2027-07-13,67
Procyn950,233,2026-07-07,38
Maxnex127,222,2026-04-20,60
Pronex341,207,2026-06-17,57
Zenzol426,486,2026-07-22,93
Biocyn240,29,2027-08-11,70
Aerorol559,325,2026-01-11,20
Novarid320,437,2026-11-03,80
Ecodex533,66,2027-08-14,40
Tritab148,132,2028-05-09,91
Ecorol164,66,2028-10-20,86
Prozol747,273,2029-03-23,40
Aerorid539,10,2029-06-13,55
Zenfin526,105,2029-09-22,95
Ultradex469,44,2028-12-13,79
Prodex667,20,2028-03-10,70
Novatin482,139,2026-02-03,55
Ultranex346,385,2029-09-07,90
Ultrafin852,397,2027-11-12,27
Novanex659,183,2029-08-09,32
Maxrol746,103,2026-10-04,18
Maxzol400,113,2026-03-31,35
Novanex417,273,2028-03-26,79
Maxrid137,395,2029-08-17,34
Trinex982,409,2026-04-08,93
Biorid227,419,2028-01-24,65
Neorol495,183,2027-01-18,73
Maxnex916,275,2027-07-01,20
Neotab540,318,2027-01-05,79
Trinex205,50,2027-11-03,94
Tririd556,318,2028-05-22,31
Maxnex557,31,2027-12-24,88
Neorid754,415,2026-04-28,19
Neonex625,420,2029-10-23,30
Novacyn969,321,2029-10-20,66
Novacyn168,130,2029-08-14,56
Biotin680,26,2029-05-24,29
Maxnex480,237,2026-06-07,83
Aerodex475,213,2027-10-06,93
Trilex216,23,2027-01-17,73
Protin675,70,2027-06-21,43
Maxlex726,156,2029-11-22,72
Zentab238,446,2026-06-01,67
Aerorol189,424,2029-10-28,50
Biotab663,287,2027-08-18,48
Aerocyn912,195,2028-11-07,38
Ultralex911,81,2027-04-30,73
Novanex667,303,2028-01-26,69
Procyn726,462,2026-06-26,18
Tritin834,378,2028-09-07,77
Neotin943,304,2026-06-01,26
Biotab560,248,2029-10-24,76
Biocyn999,434,2029-02-03,91
Ecocyn886,76,2028-06-05,74
Novatab630,88,2027-09-15,31
Aeronex826,125,2027-12-10,76
Tritab356,110,2029-07-24,80
Tricyn740,165,2029-06-12,78
Ultradex756,96,2029-04-27,84
Aerocyn774,329,2029-05-24,53
Ecozol945,452,2026-02-28,20
Novafin371,343,2027-03-08,83
Neofin754,25,2028-10-16,90
Prorid757,499,2027-09-11,71
Zentin404,242,2026-05-30,98
Novacyn550,222,2028-09-18,69
Zennex721,83,2027-10-03,50
Biotin233,399,2028-01-29,75
Protab426,133,2028-08-13,25
Trirol353,82,2026-07-18,16
Tritin984,325,2028-05-06,41
Aeronex691,379,2027-10-03,34
Aerorol627,249,2028-10-18,49
Maxzol192,493,2028-03-16,74
Maxlex320,308,2027-12-24,16
Novarid606,315,2029-09-01,96
Maxrid649,14,2026-08-09,65
Aerorid844,197,2028-04-05,56
Novatin152,301,2029-02-24,34
Biodex395,47,2028-03-02,74
Maxdex386,432,2029-06-30,97
Ecotab231,59,2028-03-17,57
Biodex474,396,2026-10-23,35
Ecodex511,266,2026-03-24,15
Novacyn830,180,2028-08-28,76
Maxcyn720,467,2028-11-21,27
Biofin426,93,2028-03-15,88
Trifin444,269,2028-11-09,78
Maxfin406,253,2026-02-04,57
Biotab526,308,2027-09-23,98
Novafin585,145,2029-09-04,84
Ecolex838,36,2029-04-10,71
Aerodex744,379,2029-06-23,58
Aerolex132,303,2029-12-05,24
Zenzol551,170,2028-05-07,29
Neolex520,266,2029-06-06,70
Novacyn631,116,2029-02-22,51
Maxdex485,170,2026-12-21,68
Pronex659,191,2029-10-16,97
Trifin595,108,2027-05-20,45
Prorid330,492,2027-09-02,46
Zenrol424,255,2027-12-16,81
Tririd224,303,2029-10-17,79
Neotin938,186,2026-10-27,47
Novarid831,50,2027-12-11,66
Trirol319,113,2029-01-08,44
Prorid240,65,2029-06-14,85
Zenlex151,352,2028-12-23,38
Zenzol202,221,2027-11-08,70
Ultracyn105,291,2026-11-20,62
Maxrol766,112,2027-08-12,51
Trizol887,55,2029-08-28,83
Zendex856,380,2026-03-18,32
Neocyn137,438,2028-03-24,73
Aerorid997,29,2026-01-19,48
Ecofin209,485,2027-11-18,46
Maxdex636,262,2026-10-02,74
Maxrid297,424,2026-08-19,52
Aerorol763,141,2027-01-17,11
Biorid681,355,2027-01-31,32
Ecotin946,228,2028-11-21,51
Ultratin785,58,2027-01-14,27
Maxnex354,13,2027-06-19,59
Zenrol871,146,2027-11-07,48
Ecofin111,143,2029-08-31,56
Zenzol783,70,2028-08-11,49
Aerotin802,267,2029-12-11,49
Ultrarid476,324,2027-03-29,38
Aerorol256,242,2029-05-25,57
Neodex582,397,2029-01-05,95
Zenlex796,396,2029-05-05,20
Prorol640,370,2028-01-11,19
Ecotab163,434,2029-01-26,74
Zenfin649,86,2026-12-03,51
Prorol219,358,2027-02-25,84
Maxtab622,238,2026-04-24,68
Aerodex525,243,2029-02-28,17
Prorol788,423,2027-09-24,12
Neorid936,11,2027-03-23,84
Ultrazol533,186,2029-12-05,18
Prozol170,488,2028-08-24,14
Tritin284,403,2026-10-05,92
Neonex491,239,2028-02-13,58
Ultradex236,344,2027-12-14,25
Aerodex502,280,2026-09-18,38
Novazol405,247,2029-10-11,79
Neodex488,431,2027-04-16,41
Maxnex258,151,2027-01-22,24
Novatin729,402,2026-02-02,40
Zentab203,314,2026-03-10,67
Ecozol350,389,2026-04-01,61
Maxlex652,121,2026-04-26,27
Prorid339,427,2029-03-25,50
Ecofin891,354,2027-10-19,40
Tricyn776,276,2027-03-29,62
Tririd162,295,2029-04-26,32
Neodex607,34,2027-12-07,92
Neodex426,366,2028-05-02,62
Aerorid485,104,2029-01-06,70
Zenlex407,449,2029-12-20,28
Maxzol675,221,2028-05-03,81
Procyn497,134,2027-06-07,36
Biotab648,380,2027-01-26,16
Tritin789,319,2029-05-19,15
Ultralex923,399,2029-04-18,95
Prolex590,116,2027-11-13,48
Novalex294,389,2026-08-29,71
Zenfin820,114,2028-03-23,40
Pronex894,154,2028-02-19,69
Pronex415,143,2028-01-07,75
Maxrol200,421,2028-08-19,50
Zennex420,221,2026-04-04,82
Zencyn116,143,2029-02-07,84
Ecotin402,88,2027-02-06,52
Zentin683,436,2027-05-19,73
Pronex363,400,2028-09-27,92
Maxrol272,385,2027-12-23,31
Aerodex600,104,2029-01-15,92
Novadex134,439,2026-06-02,95
Novazol522,80,2029-07-15,39
Ultracyn109,121,2028-11-01,68
Biozol732,336,2029-09-27,88
Maxrol116,13,2028-12-25,80
Neozol117,281,2027-07-17,78
Trizol614,426,2029-11-30,96
Neocyn209,480,2026-07-17,77
Aerolex296,327,2028-12-14,42
Biorid914,213,2026-06-11,57
Neorol678,134,2029-11-28,38
Tritab769,449,2029-08-23,14
Ultratin488,203,2029-02-05,70
Novazol819,97,2026-06-19,73
Neonex679,449,2026-07-15,77
Novalex316,471,2029-11-18,82
Maxrid147,483,2026-06-02,97
Tridex677,346,2026-03-09,32
Biozol312,310,2026-10-23,60
Ultrarid266,298,2027-05-08,82
Neodex439,206,2026-10-14,98
Ultradex863,187,2026-04-20,22
Neolex958,48,2027-11-29,87
Ecofin506,406,2027-10-31,13
Trirol602,126,2027-12-30,80
Neotin290,358,2029-04-14,94
Neotab890,326,2027-08-28,41
Ultratab374,88,2028-02-18,91
Aerotin424,194,2026-08-07,21
Novarid555,194,2027-07-07,23
Aerotab291,230,2028-07-08,81
Prodex517,62,2026-02-23,21
Biodex195,315,2029-05-09,51
Neozol398,221,2028-03-05,20
Prolex685,276,2026-12-14,97
Neocyn242,147,2027-09-09,44
Maxcyn164,95,2028-06-09,45
Neorid595,410,2026-06-07,56
Trilex838,330,2028-10-12,86
Ecolex568,64,2026-10-05,48
Novatin440,440,2029-06-24,58
Biorol442,230,2029-08-26,86
Aerorid428,318,2029-11-24,35
Maxnex281,213,2027-10-16,47
Maxfin900,134,2027-10-30,58
Tritin473,68,2029-02-28,35
Ecodex284,359,2029-01-31,13
Maxlex548,418,2027-08-20,98
Ultratin789,265,2026-10-13,91
Trilex358,347,2026-11-12,64
Neotab559,316,2028-09-08,84
Neodex618,482,2029-11-17,63
Prozol909,194,2029-12-07,78
Ecotab211,403,2027-05-24,94
Biocyn762,323,2026-04-01,82
Neonex915,230,2026-08-05,11
Ultrarid327,271,2028-11-28,81
Ecofin326,238,2028-02-06,60
Maxfin807,266,2026-11-05,54
Novarol207,161,2028-05-01,20
Ultracyn456,169,2027-12-04,68
Zendex594,188,2028-09-02,22
Maxrol426,44,2027-09-07,15
Ultrazol969,185,2029-08-20,23
Aerolex628,99,2029-02-04,30
Biodex536,500,2028-08-04,39
Neocyn290,337,2029-09-08,65
Neozol855,324,2027-02-09,67
Ecotin498,12,2029-12-14,37
Zenrid870,370,2026-05-09,83
Ultradex291,197,2027-10-30,35
Maxtab368,353,2028-09-29,77
Biofin497,322,2028-03-14,85
Ultranex460,442,2028-07-26,89
Aerorid729,312,2026-06-23,96
Aeronex220,132,2027-09-18,24
Aeronex810,82,2028-11-12,59
Neofin241,304,2028-02-25,64
Aerorol750,285,2029-11-21,92
Aerodex270,260,2027-08-15,27
Aeronex962,240,2029-06-22,16
Biozol596,79,2027-02-04,59
Prodex768,263,2028-04-17,97
Maxtin827,440,2028-06-28,72
Aerotab678,25,2027-03-28,47
Novarid330,285,2027-08-15,31
Maxfin860,405,2028-10-11,80
Protab686,68,2027-07-03,79
Biodex942,397,2026-03-27,66
Prolex535,62,2029-08-31,41
Trizol560,144,2027-12-15,21
Maxtab894,425,2027-05-01,36
Econex981,373,2029-06-03,90
Aerolex933,115,2026-05-02,82
Biodex387,315,2029-01-08,31
Biorid396,303,2027-07-02,75
Ultracyn868,412,2028-04-22,17
Tricyn818,453,2026-09-29,41
Aeronex948,136,2029-10-16,60
Maxcyn691,333,2027-07-05,90
Neotin562,48,2029-07-21,21
Neodex867,152,2029-11-23,57
Maxrol435,307,2026-01-06,21
Maxnex970,42,2028-12-30,60
Zentin944,118,2028-10-10,44
Biorid445,290,2029-03-29,26
Ecorol907,185,2029-10-29,16
Novatab741,411,2028-07-30,12
Ultracyn551,243,2026-01-02,64
Zencyn765,164,2026-11-22,45
Ultranex356,52,2028-02-01,95
Aerozol505,330,2027-09-18,99
Zentin771,56,2029-12-12,22
Novalex588,49,2026-09-29,85
Zendex796,237,2026-01-20,11
Biotab980,226,2029-11-22,26
Maxtab334,206,2026-07-02,23
Ultranex476,461,2027-09-05,27
Neocyn756,356,2026-10-20,18
Profin108,322,2029-08-24,31
Maxnex839,119,2029-07-10,29
Neofin803,236,2027-03-21,21
Ultracyn870,73,2029-04-22,59
Biotin422,415,2026-10-14,41
Tritab354,293,2029-05-15,86
Ecorid897,491,2029-11-15,13
Trilex630,320,2028-11-09,34
Neorid761,37,2027-05-06,73
Neotab346,265,2029-07-30,86
Ultradex112,194,2027-10-11,26
Neofin530,197,2029-01-23,97
Aerorol888,47,2026-02-04,85
Ultrazol368,120,2026-03-23,17
Neodex393,331,2029-12-30,74
Neotin818,215,2026-06-18,91
Prodex730,88,2027-07-23,20
Tritab623,481,2027-02-21,29
Pronex500,310,2029-07-23,93
Ultrarid815,233,2027-05-04,17
Zentab544,69,2028-07-17,88
Ecozol416,351,2029-09-09,32
Ultrazol824,80,2029-12-07,11
Aerorol455,277,2028-11-25,43
Aeronex229,393,2027-07-05,25
Novanex926,229,2027-07-12,77
Ultrarid829,305,2029-07-09,19
Maxrol623,194,2026-04-24,73
Ecocyn476,90,2027-06-07,23
Ecotab333,389,2028-11-08,10
Novazol350,33,2028-08-24,56
Neocyn283,486,2026-03-14,80
Neolex429,137,2028-05-02,50
Tritab685,200,2026-09-02,74
Novacyn328,421,2028-11-22,15
Neotab998,248,2027-08-02,49
Biotab666,243,2026-01-17,57
Zenrid677,411,2027-09-15,89
Zenrol477,312,2028-10-07,35
Prolex254,13,2028-04-19,13
Zendex454,335,2029-11-21,11
Biozol877,346,2028-02-10,49
Ultralex642,131,2028-05-09,72
Novacyn828,153,2026-07-10,15
Zendex522,368,2028-02-02,68
Ultrafin197,268,2026-10-01,91
Neotab706,300,2026-05-08,65
Aerolex398,143,2027-10-08,60
Bionex563,149,2027-04-24,19
Zencyn898,404,2029-04-12,23
Aerotab268,240,2028-08-12,50
Neotab648,193,2027-03-02,67
Trirol371,446,2026-09-03,21
Ecozol320,437,2027-11-03,28
Ultralex464,212,2028-11-17,16
Tririd939,99,2026-03-05,61
Maxdex866,291,2027-05-27,22
Maxtab923,416,2026-10-14,25
Novazol950,409,2027-04-01,26
Zentin481,361,2029-07-14,92
Ultrafin700,142,2026-06-03,12
Ultralex761,237,2026-09-21,21
Biotab143,492,2028-08-02,16
Aerofin543,430,2028-03-19,73
Novatin799,228,2026-12-20,55
Zencyn381,153,2028-07-02,29
Novafin734,325,2027-05-19,92
Trirol521,461,2029-02-01,71
Novatab386,206,2026-10-09,63
Zendex355,332,2029-01-18,12
Neonex591,288,2028-09-19,54
Ecodex429,208,2027-07-08,33
Novanex711,122,2026-03-02,45
Novarol642,193,2029-04-11,39
Aerotab353,346,2027-05-09,44
Prozol882,495,2027-03-26,83
Neonex959,442,2026-12-22,32
Zenfin425,422,2029-11-29,55
Ecozol820,368,2027-12-22,82
Ecocyn676,495,2027-01-21,73
Prorid279,261,2026-03-19,21
Novalex716,122,2026-02-10,77
Maxzol439,479,2029-06-11,35
Aeronex834,100,2027-10-25,17
Novacyn700,370,2026-10-18,24
Pronex174,201,2029-12-13,94
Neofin203,182,2027-09-11,51
Aerocyn849,495,2028-06-13,91
Maxnex278,372,2029-02-24,98
Econex328,350,2029-04-21,32
Neorid851,362,2027-08-27,26
Aerozol818,495,2029-03-19,60
Ecozol286,318,2027-10-14,88
Zenfin206,489,2028-10-13,28
Biotab343,187,2027-10-17,31
Ultranex557,15,2027-06-28,36
Tritab837,10,2026-04-09,59
Maxtin270,462,2028-04-27,73
Neonex659,202,2026-07-27,71
Ecolex266,241,2026-05-31,14
Trizol426,143,2026-08-03,19
Biocyn484,92,2026-06-03,80
Ultranex708,324,2028-09-15,100
Novatin769,94,2029-05-28,65
Aerozol203,179,2027-02-25,34
Neodex839,483,2029-01-11,43
Tririd343,59,2026-04-12,60
Ecodex960,261,2026-11-11,16
Biozol537,54,2027-08-27,94
Ecorol304,59,2026-02-22,36
Aerorid183,252,2026-08-25,49
Neorol600,468,2029-09-15,43
Ultradex496,104,2028-01-30,58
Biocyn556,32,2027-06-24,66
Maxrid331,438,2027-07-05,82
Novacyn870,366,2029-09-28,22
Ultranex927,287,2028-04-27,85
Zendex162,440,2028-03-03,76
Neodex803,453,2028-08-30,83
Zenrol406,50,2028-03-19,14
Profin629,419,2029-03-16,96
Ecocyn223,496,2028-07-08,32
Aerolex927,108,2026-09-16,15
Neotab799,232,2027-02-18,90
Aerofin364,173,2026-05-18,21
Neodex506,292,2027-10-30,45
Prorol994,16,2029-12-05,89
Ecodex900,224,2026-08-19,63
Aerocyn680,311,2029-04-08,22
Ultrafin898,61,2027-08-09,78
Biotin370,206,2029-09-03,72
Ecofin584,29,2026-12-19,45
Neocyn733,321,2029-10-26,98
Neozol505,465,2027-11-10,98
Zenzol863,253,2027-07-05,57
Novanex937,416,2027-09-13,49
Trirol978,366,2029-11-03,22
Zencyn407,390,2028-06-26,51
Tritin719,340,2026-07-02,34
Maxlex943,218,2028-09-19,76
Biozol627,415,2026-11-22,18
Tridex513,79,2028-12-09,82
Novacyn297,458,2027-02-16,17
Zenzol567,35,2028-01-09,100
Zenrid477,431,2028-08-08,74
Neotab797,25,2027-05-11,57
Maxfin556,100,2028-08-29,85
Pronex452,93,2027-06-14,98
Ultrarid128,207,2026-04-12,30
Ecolex977,123,2029-08-18,38
Zenrid767,219,2028-11-17,12
Novarol235,341,2026-12-21,86
Novalex358,321,2027-09-18,100
Tritin485,446,2027-12-16,68
Trilex577,164,2029-10-18,76
Ecotin698,62,2026-01-16,75
Biodex762,314,2029-06-01,46
Tritab593,42,2027-11-20,45
Biorid367,345,2029-12-27,93
Trilex253,274,2027-05-08,17
Ecotin776,173,2029-10-26,27
Novarol402,142,2028-05-07,61
Neozol697,372,2029-03-17,34
Biolex802,283,2029-07-31,70
Biodex407,442,2026-12-15,94
Procyn400,59,2028-08-22,26
Tridex881,477,2027-01-10,97
Biotab327,191,2027-04-03,49
Neonex480,143,2029-04-14,47
Novafin694,493,2029-06-25,19
Maxlex612,71,2029-10-26,58
Prorid523,37,2026-11-05,27
Zennex519,301,2028-07-26,28
Biocyn897,51,2028-09-25,52
Aeronex749,39,2026-01-10,67
Trilex879,406,2026-12-12,83
Aerorol904,400,2026-06-30,26
Ecotin748,229,2028-04-06,64
Maxtin104,29,2028-12-29,35
Biozol429,397,2028-12-23,34
Novazol741,385,2027-05-25,38
Biorid232,62,2028-02-25,74
Ecorid271,43,2026-04-04,48
Trirol845,276,2029-05-06,77
Biotin803,78,2027-12-03,72
Biolex268,495,2028-04-06,12
Zenlex844,77,2027-03-09,12
Ecodex273,73,2028-01-21,93
Novatin997,337,2027-06-08,78
Ecozol708,34,2029-09-17,23
Novazol806,69,2028-05-03,66
Neotab660,139,2028-08-29,99
Aerolex811,361,2029-07-14,11
Tritin777,61,2029-09-18,76
Trifin720,368,2026-10-08,63
Ultradex836,326,2026-08-30,46
Ultratab609,111,2029-06-01,35
Tridex306,193,2029-12-11,62
Tricyn140,290,2028-10-13,36
Maxnex340,11,2026-01-27,95
Ultratab955,303,2029-10-02,73
Aerotab898,271,2026-06-03,22
Trilex567,161,2027-06-25,69
Novatab932,99,2026-03-22,47
Bionex536,388,2026-08-26,22
Novazol972,80,2029-09-20,92
Aeronex466,467,2028-06-15,89
Tritab481,427,2027-12-03,33
Ultratin509,243,2027-07-11,59
Maxtin764,463,2026-12-08,24
Aerozol964,91,2026-08-01,63
Ecorol921,301,2029-10-21,66
Aerofin488,408,2028-01-05,88
Novacyn594,481,2028-09-26,24
Neorol147,42,2027-06-20,93
Biozol821,454,2029-10-20,77
Ecofin329,499,2029-10-03,53
Prodex804,368,2029-06-20,22
Neolex593,187,2029-09-21,96
Neocyn959,433,2029-02-17,88
Novazol758,488,2026-11-18,74
Maxrol990,94,2026-06-03,72
Biolex438,152,2026-04-14,74
Zendex758,203,2028-04-05,40
Ultrarol554,420,2029-03-19,67
Ultrarol557,171,2026-09-01,73
Novatab513,221,2026-03-15,81
Prozol945,56,2029-05-22,89
Tridex675,115,2029-09-02,95
Maxnex472,432,2026-04-22,38
Maxnex673,402,2029-06-23,86
Maxnex833,241,2026-08-22,22
Zenzol449,191,2029-07-21,47
Prodex482,369,2026-08-06,15
Aerorol243,430,2028-04-18,23
Trifin300,106,2026-09-05,60
Zenrol944,410,2027-01-26,53
Ultratin147,484,2029-07-20,96
Ecotab890,466,2028-07-11,68
Ecodex237,265,2026-01-09,77
Novadex543,439,2029-04-13,71
Procyn808,306,2026-12-22,26
Ultratin773,317,2029-05-26,51
Protin528,321,2029-11-19,41
Tritin451,160,2028-07-16,27
Aerotin716,368,2028-11-15,48
Pronex828,387,2029-02-07,90
Zenlex314,329,2027-08-19,97
Biocyn827,342,2026-12-31,74
Pronex827,69,2027-12-23,81
Maxfin684,492,2029-09-28,100
Neodex392,459,2028-05-15,11
Protab125,205,2026-10-25,16
Aerorid799,138,2026-10-27,17
Trilex871,287,2026-03-08,55
Maxtab730,454,2029-10-15,81
Zendex498,131,2028-11-12,99
Trizol490,208,2028-05-03,97
Biodex155,16,2027-05-30,35
Ecorol949,125,2029-07-21,100
Biofin659,388,2029-05-20,35
Zenrid559,100,2029-10-30,19
Aerocyn852,273,2026-09-02,58
Novatin385,294,2027-06-26,26
Aerofin966,140,2026-01-12,52
Maxcyn140,88,2027-10-23,86
Novafin963,348,2027-09-09,72
Ecodex466,47,2029-12-20,50
Prolex288,276,2026-05-20,74
Aerotin656,284,2028-04-06,21
Biolex318,349,2027-11-11,52
Biorid323,496,2029-06-20,77
Maxdex943,395,2029-08-22,11
Ultranex556,133,2029-08-08,88
Ecolex140,359,2027-10-20,58
Ultratin362,286,2027-08-03,13
Pronex626,421,2028-11-07,67
Maxzol403,469,2029-08-27,34
Biodex184,495,2026-07-16,31
Prodex107,330,2026-05-15,36
Zentin955,63,2027-02-26,78
Neotab864,361,2026-11-11,13
Maxnex138,54,2026-05-31,16
Aerorid671,46,2029-03-23,39
Tritin497,240,2029-07-14,61
Neonex117,209,2029-10-10,25
Prozol756,378,2029-06-20,18
Ecozol817,444,2026-05-29,55
Protab396,412,2029-11-05,48
Ecotab388,401,2028-06-15,58
Neozol585,90,2028-12-28,38
Aerotin915,418,2029-01-22,47
Aerorid793,464,2029-08-19,57
Novadex995,294,2026-10-17,25
Novazol686,315,2028-03-18,78
Protab412,117,2027-12-06,37
Neodex245,92,2027-01-12,38
Ecorid298,68,2027-01-07,95
Ecozol971,394,2029-01-29,69
Protab397,353,2026-05-18,42
Ultralex843,307,2028-09-24,52
Biocyn787,345,2027-04-26,22
Trifin171,470,2027-02-01,50
Maxrol436,325,2029-09-12,49
Ecocyn679,300,2028-01-17,50
Neocyn104,170,2027-05-20,38
Neorid960,194,2026-10-03,96
Biorol573,238,2028-01-05,49
Maxdex211,99,2029-08-15,87
Ultrarid979,433,2026-10-14,78
Zenrid851,463,2029-07-07,19
Prozol932,307,2029-03-31,61
Ecolex137,292,2027-06-18,79
Prorol769,406,2026-11-01,56
Neolex890,311,2027-08-19,27
Maxdex622,56,2028-03-23,56
Prozol778,132,2029-06-11,97
Aerodex243,238,2026-11-23,32
Ecofin775,456,2026-10-27,71
Biozol324,399,2028-09-25,39
Ultrarid478,129,2026-03-29,95
Zendex910,194,2028-03-05,70
Maxzol140,342,2027-10-26,23
Prorid954,389,2027-06-24,84
Profin278,202,2029-08-31,58
Biofin769,469,2026-06-09,76
Tritin328,274,2028-04-11,55
Biorol911,256,2029-05-22,10
Procyn550,94,2027-04-17,19
Prorid316,86,2027-01-18,30
Biofin834,428,2026-08-31,94
Zentin930,179,2026-08-21,71
Maxrol315,312,2026-11-27,92
Neozol349,32,2026-09-19,83
Ecocyn237,332,2028-11-15,15
Ecocyn157,95,2027-06-13,33
Protin713,298,2029-07-29,12
Tritab321,239,2029-05-27,70
Maxcyn324,435,2028-04-21,86
Aerofin940,402,2027-01-08,89
Prorid271,380,2029-11-05,53
Maxfin704,45,2027-04-16,58
Neocyn211,18,2027-02-19,76
Protin946,86,2029-05-25,22
Aerorol729,317,2026-03-21,78
Protab195,256,2029-09-12,26
Ecodex947,10,2029-10-21,93
Neodex530,199,2026-03-30,99
Protin334,490,2028-09-14,58
Biofin923,389,2029-11-27,83
Ultratin237,140,2028-09-04,39
Ultrarid712,458,2029-01-18,62
Trilex105,373,2026-01-15,83
Protab632,13,2028-02-08,93
Zennex518,195,2026-08-07,29
Neofin359,143,2029-01-02,64
Econex726,151,2029-10-25,60
Zentin665,411,2029-02-15,71
Aeronex672,294,2028-09-17,42
Trifin452,406,2029-12-15,60
Aerotab865,127,2028-07-03,99
Aerotab319,270,2028-03-31,53
Profin813,360,2029-12-18,16
Aerotin751,12,2026-07-06,28
Maxfin545,55,2026-05-12,43
Zennex181,321,2026-03-19,59
Neofin771,276,2027-08-10,86
Novacyn755,263,2028-06-18,11
Zendex392,109,2026-03-10,86
Prodex815,128,2029-06-13,31
Novanex344,345,2026-01-01,30
Ultrarid898,214,2027-12-25,95
